"Full text of ""The Kooky World Of The Geezinslaw Brothers""",https://archive.org/stream/lp_the-kooky-world-of-the-geezinslaw-broth_the-geezinslaw-brothers/lp_the-kooky-world-of-the-geezinslaw-broth_the-geezinslaw-brothers_djvu.txt
obafgkmrns - Caltech Astronomy,https://sites.astro.caltech.edu/~george/ay20/obafgkmrns.txt
tempsensor.txt - kookye.com,https://kookye.com/wp-content/uploads/samplecode/tempsensor.txt
http://euler.stat.yale.edu/~tba3/class_data/aclImd...,http://euler.stat.yale.edu/~tba3/class_data/aclImdb/train/neg/4587_1.txt
April Fools' Day - Word Search,https://www.free-word-search.com/words/celebrations/aprilfools.txt
https://docs.fcc.gov/public/attachments/FCC-19-96A...,https://docs.fcc.gov/public/attachments/FCC-19-96A5.txt
rule-ideas.txt,http://mark.random-article.com/psycho-uno/rule-ideas.txt
2GInc8_caption_en.txt - PBS,https://ga.pbs-video.pbs.org/captions/antiques-roadshow/8c69a5b0-58f9-4f10-a7b6-387db7bd4499/captions/2GInc8_caption_en.txt
zrc_wholelifestylething.txt - The Robert Ian Hawdon Archive,https://archive.robertianhawdon.me.uk/sites/lindisfarne.co.uk/archives/songs/zrc_wholelifestylething.txt
https://ufdcimages.uflib.ufl.edu/UF/00/00/55/28/00...,https://ufdcimages.uflib.ufl.edu/UF/00/00/55/28/00001/FNP42_Page_20.txt
