oar/sources/core/database/pg_default_admission_rules.sql at 2.5 ...,https://github.com/oar-team/oar/blob/2.5/sources/core/database/pg_default_admission_rules.sql
SQL-Jeremy-s-Plastic-Assortments/activity4.sql at main · jbacon11 ...,https://github.com/jbacon11/SQL-Jeremy-s-Plastic-Assortments/blob/main/activity4.sql
tpch.sql,https://vos.openlinksw.com/owiki/wiki/VOS/VOS/VOSTPCHLinkedData/tpch.sql
local.sql - CUNY Graduate Center,https://redmine.gc.cuny.edu/attachments/download/16624/local.sql
data.sql · main · Dongxing Wang / c23051377_cmt120_cw2 · GitLab,https://git.cardiff.ac.uk/c23051377/c23051377_cmt120_cw2/-/blob/main/data.sql%3Fref_type%3Dheads
artifacts/webapps/cellar.sql · master · Mirco Tracolli / tosca-types,https://baltig.infn.it/tracolli/tosca-types/-/blob/master/artifacts/webapps/cellar.sql%3Fref_type%3Dheads
DB/pg_default_admission_rules.sql ... - INRIA gitlab,https://gitlab.inria.fr/neyron/oar/-/blob/d1145b29b9e4ae7532184b02f9b12e306ddcdc9e/DB/pg_default_admission_rules.sql
https://raw.githubusercontent.com/Thinkful-Ed/star...,https://raw.githubusercontent.com/Thinkful-Ed/starter-postgresql/main/products.sql
includes/dumps/UK.sql ... - Intelliants Projects,https://projects.intelliants.com/intelliants/realestate/-/blob/4ac7272b210d791a88c8fb71021d8eab6927777e/includes/dumps/UK.sql
Commits · 18ffcff30d2bfedece2dcca3d73bd11a2013b88e · Aaron ...,https://gitlab.slkdev.net/starlightknight/darkstar/-/commits/18ffcff30d2bfedece2dcca3d73bd11a2013b88e/sql/npc_list.sql
DB/pg_default_admission_rules.sql · debian-upstream ... - INRIA gitlab,https://gitlab.inria.fr/neyron/oar/-/blob/debian-upstream/2.4/DB/pg_default_admission_rules.sql
dddb.20dec07.sql - Humanists.org,http://darwinday.humanists.org/dddb.20dec07.sql
newdump.sql - Index of /,http://kob.this.is/newdump.sql
pathfinder-2-sqlite-MIRROR/traits.sql at ... - James's private git repos,https://git.tgrpg.com/jrmiller82/pathfinder-2-sqlite-MIRROR/src/commit/00685eb77c88e7283e08afcf72d92c48a0e7d250/data/deprecated/traits.sql
http://ramel.com.br/ramel_site.sql,http://ramel.com.br/ramel_site.sql
"\""index - Tomcat Server Administration",http://54.37.17.101:52869/login-redirect/cgi-bin/typo3/2082/82..sql
/usr/share/glpi/plugins/fusinvinventory/install/mysql/pciid.sql,https://www.apt-browse.org/browse/ubuntu/trusty/universe/all/fusioninventory-for-glpi/2.4.0-1/file/usr/share/glpi/plugins/fusinvinventory/install/mysql/pciid.sql
eMule - Tomcat Server Administration,http://54.37.17.101:6666/login-redirect/impex/cgi-bin/5984..sql
