1224992.txt - VA.gov,https://www.va.gov/vetapp12/files4/1224992.txt
0938263.txt - VA.gov,http://www.va.gov/vetapp09/files5/0938263.txt
"Full text of ""Sleeping With ROCD: Power for the Co-Sufferer of ...",https://archive.org/stream/sleepingwithrocd/Sleeping%2520with%2520ROCD_djvu.txt
https://boards.law.af.mil/ARMY/BCMR/CY2019/2019000...,https://boards.law.af.mil/ARMY/BCMR/CY2019/20190000298.txt
71.full.txt - BMJ Mental Health,https://mentalhealth.bmj.com/content/20/3/71.full.txt
20160015303.txt,https://boards.law.af.mil/ARMY/BCMR/CY2016/20160015303.txt
Chapter 39 - Maryland State Archives,http://www.bsuc.cn:8000/mingzhumingpian/UNCLE%2520TOM'S%2520CABIN/chapter39.txt
https://home.olemiss.edu/~mudws/texts/NewJordan.txt,https://home.olemiss.edu/~mudws/texts/NewJordan.txt
view200404houseoflords.txt - Tymes Trust,https://www.tymestrust.org/txt/view200404houseoflords.txt
Freight Train - The Original Hip-Hop (Rap) Lyrics Archive,https://www.ohhla.com/anonymous/j_budden/escape/freight.joe.txt
