robots.txt - RANGS eMART,https://rangsemart.com.bd/robots.txt
https://aqualife.com.bd/robots.txt,https://aqualife.com.bd/robots.txt
Form SC 13G/A - BD Investor Relations,https://investors.bd.com/sec-filings/all-sec-filings/content/0000950144-01-000954/0001.txt
https://augmedix.com.bd/robots.txt,https://augmedix.com.bd/robots.txt
robots.txt,https://samdani.com.bd/robots.txt
https://www.vertech.com.bd/robots.txt,https://www.vertech.com.bd/robots.txt
SC_13G.txt - BD Investor Relations,https://investors.bd.com/sec-filings/all-sec-filings/content/0000093748-97-000012/SC_13G.txt
robots.txt,https://brotherstech.com.bd/robots.txt
robots.txt - Samsung,https://www.samsung.com/robots.txt
https://www.elitepaint.com.bd/robots.txt,https://www.elitepaint.com.bd/robots.txt
robots.txt - Landi Renzo,https://landirenzo.com/robots.txt
robots.txt,https://biosys.com.bd/robots.txt
robots.txt - Star Tech,https://www.startech.com.bd/robots.txt%3Fsrsltid%3DAfmBOortD1M-aJE9yDyG4mZojHqWSmaYaKD4bA9JpsqnqxO_UNkjFUAA
robots.txt - Daraz.com,https://www.daraz.com.bd/robots.txt
robots.txt - Organic Online,https://organiconline.com.bd/robots.txt
AdGuardSDNSFilter/Filters/exceptions.txt at master - GitHub,https://github.com/AdguardTeam/AdGuardSDNSFilter/blob/master/Filters/exceptions.txt
robots.txt,https://www.natuzzi.com/robots.txt
https://sundora.com.bd/robots.txt,https://sundora.com.bd/robots.txt
EMAIL_BODY_PASSWORD_RE... - Southeast Bank PLC.,https://ibanking.southeastbank.com.bd/ibankUltimus/IBU_USER_DOC/EMAIL_BODY_PASSWORD_RESET.txt
user instructions - Infiltec,https://www.infiltec.com/bd-demo.txt
