Text version – summaryTXT15 KB - CSIRO Research,https://research.csiro.au/circulareconomy/wp-content/uploads/sites/303/2023/12/23-00249_ENV_SUMMARY_IACPRoadmap_WEB_230620.txt
Show Source,https://plastic.oceanparcels.org/en/latest/_sources/initialisationmaps.md.txt
136891-bid-to-stop-plastics'-imports.txt - Times Of Swaziland,http://www.times.co.sz/feed/news/136891-bid-to-stop-plastics%25E2%2580%2599-imports.txt
plastic.txt,https://www.stat.auckland.ac.nz/~wild/ChanceEnc/WSdata/Ch13data/plastic.txt
plastic/TODO.txt at master · opendaylight/plastic - GitHub,https://github.com/opendaylight/plastic/blob/master/TODO.txt
Advanced recycling technologies to address Australia's plastic waste,https://www.csiro.au/-/media/News-releases/2021/Advanced-recycling-report/21-00312_REPORT_AdvancedRecycling_TXT.txt
00009.txt - UFDC Image Array 2,https://ufdcimages.uflib.ufl.edu/UF/00/09/86/16/01224/00009.txt
Plastic Man - Sci Fi Scripts,https://www.scifiscripts.com/scripts/PlasticMan.txt
Plastic-Waste-Cleanup-Kigamboni-Ferry-Beach.txt - Amazon S3,https://s3-eu-west-1.amazonaws.com/s3.sourceafrica.net/documents/120984/Plastic-Waste-Cleanup-Kigamboni-Ferry-Beach.txt
"Berlin Packaging: Shop In-Stock Bottles, Jars, Jugs & more",http://jarwarehouse.info/robots.txt
