Runtime_and_Software_Supply_...,https://comp.anu.edu.au/sapling/2023/abstracts/Runtime_and_Software_Supply_Chain_Security.txt
template.txt - Cheapie Systems,https://cheapiesystems.com/git/dreambuilder_modpack/plain/moretrees/locale/template.txt%3Fid%3D98f0dd7dd0c02a86bfd5e34271d3d169538b5442
secur3.txt - MIT,https://stuff.mit.edu/afs//net.mit.edu/project/attic/sapdev/secur3.txt
img_c52da607ee19fc4f5600b1e...,https://www.robots.ox.ac.uk/~vgg/research/mkdb/results/beaver/data/img_c52da607ee19fc4f5600b1e905a74adbe99f8d5c.txt
7.ISCA-JBS-2012-019.txt,https://isca.me/IJBS/Archive/v1i1/7.ISCA-JBS-2012-019.txt
milleson_m_Page_093.txt,https://ufdcimages.uflib.ufl.edu/UF/E0/01/20/43/00001/milleson_m_Page_093.txt
IkebanaReadMe.txt - Nexus Mods,https://file-metadata.nexusmods.com/file/nexus-readmes/1303/2034/IkebanaReadMe.txt
Afghanistan-SOUTH-ASIA-P174348-Emergency-Agriculture-and ...,http://documents1.worldbank.org/curated/en/785891618833293545/text/Afghanistan-SOUTH-ASIA-P174348-Emergency-Agriculture-and-Food-Supply-Project-Procurement-Plan.txt
de.txt - Cheapie Systems,https://cheapiesystems.com/git/dreambuilder_modpack/plain/moretrees/locale/de.txt%3Fid%3D1f5eca21893da46110e93d8af5bf37df9c985649
master-info.txt - Chiark.greenend.org.uk,https://www.chiark.greenend.org.uk/~yarrgweb/RSYNC/master-info.txt
