LOSTPONY.txt | Lost Episode Creepypasta Wiki | Fandom,https://lostepisodecreepypasta.fandom.com/wiki/LOSTPONY.txt
Worst Episode Ever - The Simpsons Archive,http://www.simpsonsarchive.com/episodes/CABF08.txt
lesson-transition/placeholder-episode.txt at main · carpentries ...,https://github.com/carpentries/lesson-transition/blob/main/placeholder-episode.txt
https://docs.ntechlab.com/projects/ffmulti/en/2.0/...,https://docs.ntechlab.com/projects/ffmulti/en/2.0/_sources/episodes.rst.txt
138th Episode Spectacular - The Simpsons Archive,http://www.simpsonsarchive.com/episodes/3F31.txt
darknet-diaries-all-episode-links.txt,https://darknetdiaries.com/darknet-diaries-all-episode-links.txt
episode-059-transcript - OE Global Voices,https://podcast.oeglobal.org/wp-content/uploads/2023/11/episode-059-transcript.txt
https://www.dlcv.org/wp-content/uploads/2020/01/Ri...,https://www.dlcv.org/wp-content/uploads/2020/01/Rights-Here-Rights-Now-Episode-3-Pre-General-Assembly-With-Colleen-Miller-Transcription.txt
Loss Episode Metrics for IP Performance Metrics (IPPM) - » RFC Editor,https://www.rfc-editor.org/rfc/rfc6534.txt
TranscriptListenerMailbag.txt - Dating While Gray,https://datingwhilegray.com/transcripts/TranscriptListenerMailbag.txt
