dorm.txt - The University of Arizona,https://james.as.arizona.edu/~psmith/schedules/Dormitory/dorm.txt
Dormitory Fees,https://library.csuohio.edu/udc/minutes/td100.txt
LICENSE.txt - shakiliitju/Dormitory-Management-System - GitHub,https://github.com/shakiliitju/Dormitory-Management-System/blob/master/LICENSE.txt
dormitory/requirements.txt at master · antl31/dormitory · GitHub,https://github.com/antl31/dormitory/blob/master/requirements.txt
merges.txt · pokaree/dormitory-ft-test1 at ... - Hugging Face,https://huggingface.co/pokaree/dormitory-ft-test1/blob/161c07a2e97606fb8112a717ffb0d04559dc3d9d/merges.txt
ascii,https://www.auai.org/uai1997/housing.txt
Dormitories,https://library.csuohio.edu/udc/minutes/td090.txt
Residence Hall bonding program - SUNY,https://www.suny.edu/about/leadership/board-of-trustees/meetings/webcastdocs/Residence%2520Hall%2520bonding%2520program%2520-%2520final.txt
https://dev.dams.library.ucdavis.edu/fcrepo/rest/i...,https://dev.dams.library.ucdavis.edu/fcrepo/rest/item/ark:/87293/d3pc2td7w/media/text/Rodeo_1923_052.txt
https://ufdcimages.uflib.ufl.edu/UF/00/07/55/94/00...,https://ufdcimages.uflib.ufl.edu/UF/00/07/55/94/00368/00016_00016.txt
https://distantreader.org/stacks/carrels-old/colle...,https://distantreader.org/stacks/carrels-old/college-and-research-libraries/txt/crl-10146.txt
https://cuni.cz/UKEN-664-version1.txt,https://cuni.cz/UKEN-664-version1.txt
click here - Web Hosting at UMass Amherst,https://people.umass.edu/qfs98/textreg.txt
wystimothychandler.txt - Towson University,https://www.towson.edu/cofac/documents/wystimothychandler.txt
txt - SUNY,https://www.suny.edu/sunypp/conversionChart.txt
Ruth Fielding In Moving Pictures OR HELPING THE DORMITORY ...,https://www.mirrorservice.org/sites/ftp.ibiblio.org/pub/docs/books/gutenberg/1/4/6/3/14635/14635-8.txt
WorldBankGroupArchivesFolder...,https://thedocs.worldbank.org/en/doc/800841595236322917-0240021970/render/WorldBankGroupArchivesFolder19411I.txt
https://ftvs.cuni.cz/FTVSEN-423-version1.txt,https://ftvs.cuni.cz/FTVSEN-423-version1.txt
p1answers-f06.txt,http://www.wpoc.org/jlwolfe/310/p1answers-f06.txt
