LayoutTests/js/JSON-parse-reviver-expected.txt ... - CableLabs GitLab,https://nougat.cablelabs.com/App_Technologies/webkit/-/blob/ab714729e8714cca8aea265c5c3cbd53d41f372c/LayoutTests/js/JSON-parse-reviver-expected.txt
LayoutTests/fast/js/JSON-parse-reviver-expected.txt ...,https://code.cablelabs.com/App_Technologies/webkit/-/blob/78d776ec3a219e0b2dd6e847706280cca8d0d8d5/LayoutTests/fast/js/JSON-parse-reviver-expected.txt
argus-json-notes.txt - OpenTreeOfLife/opentree - GitHub,https://github.com/OpenTreeOfLife/opentree/blob/master/argus-json-notes.txt
PickerExtended/changelog.txt at master · Nexela/PickerExtended ...,https://github.com/Nexela/PickerExtended/blob/master/changelog.txt
json-parse-shim-debug.js.source.txt - Huihoo,https://docs.huihoo.com/phpdoc/moodle/2.8/xref/lib/yuilib/3.17.2/json-parse-shim/json-parse-shim-debug.js.source.txt
buildlif.txt - Games,https://www.gamers.org/pub/idgames/utils/exe_edit/patches/buildlif.txt
plaintext,https://euandre.org/til/2021/08/11/encoding-and-decoding-javascript-bigint-values-with-reviver.html.3.txt
"Full text of ""Reviver Of Sikhism"" - Internet Archive",https://archive.org/stream/reviver-of-sikhism/Reviver%2520of%2520Sikhism_djvu.txt
The Original Hip-Hop (Rap) Lyrics Archive - OHHLA.com,https://ohhla.com/anonymous/delasoul/is_dead/a_roller.dls.txt
data/palin2.txt · main · MICHOUD KEVIN / collaboration-palindrome,https://git.unistra.fr/kmichoud/collaboration-palindrome/-/blob/main/data/palin2.txt%3Fref_type%3Dheads
