"GPAC THM 2010 Successes, Barriers and Lessons ... - DHCS","https://www.dhcs.ca.gov/provgovpart/Documents/GPAC%2520THM%25202010%2520Successes,%2520Barriers%2520and%2520Lessons%2520Learned%2520Report.txt"
Text-Only Version - Delaware Health and Social Services,https://dhss.delaware.gov/dsamh/files/2007adubato3.txt
Alcohol.txt - World Bank Documents and Reports,http://documents1.worldbank.org/curated/en/868791633398266079/text/Alcohol.txt
5-reasons-why-youre-binge-drinking.txt,https://assets.ctfassets.net/qr4fhhcghyn4/babc8629620da05fc089e55a04de8bf109b133c4/f397784a839b9b311774e076dbbd2d40/5-reasons-why-youre-binge-drinking.txt
DRINKING FOUNTAINS - Mass.gov,https://greenfield-ma.gov/files/Section_36_-_Drinking_Fountains.txt
Text-only Version,https://safesupportivelearning.ed.gov/sites/default/files/hec/product/first-year.txt
https://apps.health.ny.gov/statistics/environmenta...,https://apps.health.ny.gov/statistics/environmental/public_health_tracking/tracker/views/water/waterMenu/drinking_water.txt
1744260.txt - VA.gov,https://www.va.gov/vetapp17/Files8/1744260.txt
English Text (24.67 KB) - World Bank Open Knowledge Repository,https://documents.shihang.org/curated/en/197651468182667049/text/536500BRI0ENGL10Box345621B01PUBLIC1.txt
115133-WP-P152203-PUBLIC-17-5-2017-12-28-1 ...,https://documents1.worldbank.org/curated/en/586371495104964514/text/115133-WP-P152203-PUBLIC-17-5-2017-12-28-1-WaterlifeCaseApril.txt
1987 Cancer Control,https://ftp.cdc.gov/pub/health_Statistics/nchs/Dataset_Documentation/NHIS/1987/CANCCNTL.txt
Health Code Exhibit B.txt - St. Clair County,https://www.co.st-clair.il.us/webdocuments/CountyCode/Health%2520Code%2520Exhibit%2520B.txt
prin_08222006.txt - Bureau of Labor Statistics,https://www.bls.gov/news.release/history/prin_08222006.txt
S8100123_en.pdf.txt - CEPAL,https://repositorio.cepal.org/bitstream/handle/11362/22015/S8100123_en.pdf.txt
All Employees: Food Services and Drinking Places in New Orleans ...,https://fred.stlouisfed.org/data/SMU22353807072200001A.txt
Westminster_Detached_Pl1_Des...,https://discovery.ucl.ac.uk/14871/60/Westminster_Detached_Pl1_DescL2_3Class.txt
Transcript (TXT),https://www.nsvrc.org/sites/default/files/2021-07/alcohol_sv_and_covid_part_1.txt
Text File - Ministry of Foreign Affairs of Japan,https://www.mofa.go.jp/policy/other/bluebook/2012/_src/sc191/h3_04.txt
ASCII file - Bureau of Justice Statistics,https://bjs.ojp.gov/content/pub/ascii/AC.TXT
