Trend_Analysis_Using_NAMCS...,https://ftp.cdc.gov/pub/Health_Statistics/NCHS/Dataset_Documentation/NHAMCS/drugs/Trend_Analysis_Using_NAMCS_and_NHAMCS_Drug_Data.txt
Recon/Dictionaries/generic.txt 1.0.0.0 - PowerShell Gallery,https://www.powershellgallery.com/packages/PowerSploit/1.0.0.0/Content/Recon%255CDictionaries%255Cgeneric.txt
mdi.caltables_doppler,http://sun.stanford.edu/~baldner/test/Series/mdi.caltables_doppler.txt
"RFC 4121 - The Kerberos Version 5, GSS-API Mechanism, Version 2",https://curl.se/rfc/rfc4121.txt
Past Release Notes OMC-Programmer,https://observator.com/wp-content/uploads/2019/09/OMCProgrammerVersionChanges.txt
debug-aaa-subscriber-all.txt - Cisco Community,https://community.cisco.com/kxiwq67737/attachments/kxiwq67737/5996-discussions-xr-os-and-platforms/10044/1/debug-aaa-subscriber-all.txt
revit ifc mapping - everything as generic models.txt,https://hub.openingdesign.com/OpeningDesign/FreeMVD_Mirror/src/branch/master/Starter_Files/Revit/revit%2520ifc%2520mapping%2520-%2520everything%2520as%2520generic%2520models.txt
Oxygen_req_Aerobic_GG_14.txt - Tavazoie Lab,https://tavazoielab.c2b2.columbia.edu/genphen/GGfiles/Oxygen_req_Aerobic/Oxygen_req_Aerobic_GG_14.txt
generics.txt - MIT,http://web.mit.edu/nim-lang_v0.16.0/nim-0.16.0/doc/manual/generics.txt
release_notes.txt - Ubuntu Cloud Images,https://cloud-images.ubuntu.com/releases/16.04/release-20170307/unpacked/release_notes.txt
tab-generic-faq-approved.txt,https://www.oasis-open.org/committees/download.php/11675/tab-generic-faq-approved.txt
ex99p2.txt - SEC.gov,https://www.sec.gov/Archives/edgar/data/924642/000106880004000587/ex99p2.txt
Version 1.2 of acs/ac-00172.txt,http://www.ada-auth.org/cgi-bin/cvsweb.cgi/acs/ac-00172.txt%3Frev%3D1.2%26raw%3DN
inverter_5F00_lvs_5F00_report.txt,https://community.cadence.com/cfs-file/__key/telligent-evolution-components-attachments/00-38-01-00-01-17-86-29/inverter_5F00_lvs_5F00_report.txt
abstract - LAMP â€“ Programming Methods Laboratory,http://lampwww.epfl.ch/~odersky/papers/oopsla98.txt
National Generic Callsigns - APRS.org,http://www.aprs.org/aprs-jota.txt
Parameterized module facility - J3 Fortran,https://j3-fortran.org/doc/year/05/05-181r1.txt
Show Source - Numpy and Scipy Documentation,https://docs.scipy.org/doc/numpy-1.3.x/_sources/reference/arrays.scalars.txt
Bg-Base_commands_for_plant_upload_revised.txt,https://www.bgci.org/files/Worldwide/US_Files/Bg-Base_commands_for_plant_upload_revised.txt
