xtdpdml_examples.txt,https://www3.nd.edu/~rwilliam/dynamic/xtdpdml_examples.txt
Show Source,https://python-visualization.github.io/folium/latest/_sources/advanced_guide/polygons_from_list_of_points.md.txt
here - LBBE Shiny Server,https://lbbe-shiny.univ-lyon1.fr/DRomics/inst/DRomics-shiny/informations_modelling_procedure.txt
CUBIC for Fast Long-Distance Networks - Â» RFC Editor,https://www.rfc-editor.org/rfc/rfc8312.txt
D - NASA LLIS,https://llis.nasa.gov/llis_lib/txt/1009617main_0717-4.txt
4099d1350946054-desperate-help-hydraulic-pulsing-cat-480 ...,https://www.thecombineforum.com/forums/attachments/claas-lexion/4099d1350946054-desperate-help-hydraulic-pulsing-cat-480-lexion-please-help-anyone-hydraulic-pulsing-issue-cat-480-combine.txt
two_tobits.txt - perraillon.com,https://perraillon.com/s/two_tobits.txt
Abstract - Stony Brook University,https://www.stonybrook.edu/laser/_wise/wise187/2006/abstract/abstract.txt
bap9088.0001.001.txt - Deep Blue Repositories,https://deepblue.lib.umich.edu/bitstream/handle/2027.42/7642/bap9088.0001.001.txt%3Fsequence%3D4%26isAllowed%3Dy
04_04_convergence_task.txt - IS MUNI,https://is.muni.cz/do/rect/el/estud/lf/ps21/spectacle_technique_technology/web/docs/04_04_convergence_task.txt
