Form 3520/3520-A Late Filing: Form 3520/3520-A Penalty Relief,http://form3520irs.esq/robots.txt
tutorials/docs/data/16S_metadata.txt at master - GitHub,https://github.com/HadrienG/tutorials/blob/master/docs/data/16S_metadata.txt
ModelIdentifiers.txt,https://jss-ext-dp.sydney.edu.au/content/Public/Config/ModelIdentifiers.txt
Promoting-Girl-s-Nutrition-in-Early-Adolescence-a-last-window-of ...,https://documents1.worldbank.org/curated/en/505211566452421860/text/Promoting-Girl-s-Nutrition-in-Early-Adolescence-a-last-window-of-opportunity.txt
Food Research Corporation - SEC.gov,https://www.sec.gov/litigation/admin/3437641.txt
gmz132.txt,https://tgftp.nws.noaa.gov/data/forecasts/marine/coastal/gm/gmz132.txt
95-17ml.txt - HUD,https://www.hud.gov/sites/documents/95-17ml.txt
SD5996S: Alternate Schedule (APC 56),https://www3.unca.edu/facultysenate/y9596/sd5996s.txt
Sensor: Aqua - NASA Visible Earth,http://visibleearth.nasa.gov/source/1486/robots.txt%3Fpage%3D17%26%26size%3Dlarge
The Late Mattia Pascal - Project Gutenberg Australia,https://gutenberg.net.au/ebooks03/0300381.txt
