source,https://perldoc.perl.org/functions/exit.txt
bcc/tools/exitsnoop_example.txt at master Â· iovisor/bcc - GitHub,https://github.com/iovisor/bcc/blob/master/tools/exitsnoop_example.txt
error: 'exit' was not declared in this scope,https://hallertau.cs.gsu.edu/exit.txt
exit.3.en.txt - Arch Linux manual pages,https://man.archlinux.org/man/exit.3.en.txt
LICENSE.txt - tapjs/signal-exit - GitHub,https://github.com/tapjs/signal-exit/blob/main/LICENSE.txt
720_exit_status.txt - Teaching,http://teaching.idallen.com/cst8207/19w/notes/720_exit_status.txt
Exit Policy - Nym,https://nymtech.net/.wellknown/network-requester/exit-policy.txt
test/webkit/dfg-arguments-alias-one-block-osr-exit ... - Chromium,https://chromium.googlesource.com/v8/v8/%2B/refs/heads/lkgr/test/webkit/dfg-arguments-alias-one-block-osr-exit-expected.txt
using SWI-Prolog,https://www.cs.toronto.edu/~bonner/courses/2016f/csc324/handouts/usingSWIprolog.txt
Tailscale.md.txt - Kasm Workspaces,https://kasmweb.com/docs/develop/_sources/how_to/Tailscale.md.txt
InvokeAbilityHelpers - PowerShell Gallery,https://www.powershellgallery.com/packages/InvokeAbilityHelpers/0.2.0/Content/Dependencies%255Cconventional-changelog%255Cnode_modules%255Cconventional-changelog-cli%255Cnode_modules%255Csignal-exit%255CLICENSE.txt
diff-proof.txt,http://www.inf.ufsc.br/~aldo.vw/func/russel-norvig-code/learning/diff-proof.txt
Exits - California Child Welfare Indicators Project,https://cssr.berkeley.edu/archiveCssr/programmers_docs/Dynamic_Reports_docs/DB_code/exits.txt
"Wal-Mart_Super_Center,_Docket_No._03-0392.txt - OSHRC","https://www.oshrc.gov/assets/1/6/Wal-Mart_Super_Center,_Docket_No._03-0392.txt%3F1198"
practiceExam2soln.txt,https://kosbie.net/cmu/summer-08/15-100/resources/mrmiller-practice/practiceExam2soln.txt
makeChannelJoin.java.txt - IBM webMethods Documentation,https://docs.webmethods.io/on-premises/webmethods-universal-messaging/11.1.0/webhelp/num-webhelp/Examples/java/client/makeChannelJoin.java.txt
versions-summary-3.4.txt - Geopsy.org,https://www.geopsy.org/versions/versions-summary-3.4.txt
Codebook - HRS Data Portal,https://hrsdata.isr.umich.edu/sites/default/files/documentation/codebooks/1636056771/ConsentSSAp.txt
http://www.naspa.net/magazine/1995/JUN/STORAGE.TXT,http://www.naspa.net/magazine/1995/JUN/STORAGE.TXT
