"EXHIBIT 99.1 - 8-K/A: Current report filing | Becton, Dickinson and ...",https://investors.bd.com/sec-filings/all-sec-filings/content/0000893750-06-000257/exh99.txt
https://www.sec.gov/files/rules/final/34-37632.txt,https://www.sec.gov/files/rules/final/34-37632.txt
bd.txt - BLS,https://download.bls.gov/pub/time.series/bd/bd.txt
Form BD Amendments - SEC.gov,https://www.sec.gov/files/rules/final/34-37431.txt
"8-K: Current report filing | Becton, Dickinson and Company (BDX)",https://investors.bd.com/sec-filings/all-sec-filings/content/0000950117-02-001079/a32610.txt
bd-offline-scanning-solution/requirements.txt at master - GitHub,https://github.com/blackducksoftware/bd-offline-scanning-solution/blob/master/requirements.txt
https://investors.bd.com/sec-filings/all-sec-filin...,https://investors.bd.com/sec-filings/all-sec-filings/content/0000950117-04-000699/a37088.txt
requirements.txt - blackducksoftware/bd-splitter - GitHub,https://github.com/blackducksoftware/bd-splitter/blob/master/requirements.txt
Disclosable-Restructuring-Paper-BD-Identification-System-for ...,https://documents1.worldbank.org/curated/en/948151514575457112/text/Disclosable-Restructuring-Paper-BD-Identification-System-for-Enhancing-Access-to-Services-IDEA-Project-P121528.txt
"EXHIBIT 99.1 - 8-K: Current report filing | Becton, Dickinson and ...",https://investors.bd.com/sec-filings/all-sec-filings/content/0000950117-03-003801/ex99-1.txt
"EXHIBIT 99.1 - 8-K/A: Current report filing | Becton, Dickinson and ...",https://investors.bd.com/sec-filings/all-sec-filings/content/0000893750-06-000257/exh99.txt
Form BD Amendments - SEC.gov,https://www.sec.gov/files/rules/final/34-37431.txt
bd.txt - BLS,https://download.bls.gov/pub/time.series/bd/bd.txt
https://www.sec.gov/files/rules/final/34-37632.txt,https://www.sec.gov/files/rules/final/34-37632.txt
https://investors.bd.com/sec-filings/all-sec-filin...,https://investors.bd.com/sec-filings/all-sec-filings/content/0000950117-04-000699/a37088.txt
requirements.txt - blackducksoftware/bd-splitter - GitHub,https://github.com/blackducksoftware/bd-splitter/blob/master/requirements.txt
"EXHIBIT 99.1 - 8-K: Current report filing | Becton, Dickinson and ...",https://investors.bd.com/sec-filings/all-sec-filings/content/0000950117-03-003801/ex99-1.txt
Disclosable-Restructuring-Paper-BD-Identification-System-for ...,https://documents1.worldbank.org/curated/en/948151514575457112/text/Disclosable-Restructuring-Paper-BD-Identification-System-for-Enhancing-Access-to-Services-IDEA-Project-P121528.txt
bd-offline-scanning-solution/requirements.txt at master - GitHub,https://github.com/blackducksoftware/bd-offline-scanning-solution/blob/master/requirements.txt
"8-K: Current report filing | Becton, Dickinson and Company (BDX)",https://investors.bd.com/sec-filings/all-sec-filings/content/0000950117-02-001079/a32610.txt
