Karma.txt,http://firewolf.freehostia.com/Karma.txt
Woad Warrior,https://www.cs.cmu.edu/~dkb1/dnd/chars/woad.txt
100 dane NPCs,https://weaver.skepti.ch/others/npc_danes.txt%3Ff%3Dothers
one king mr.txt,https://intfiction.org/uploads/short-url/rVzqCmY9LvqY1tooYeUlQ5WWzKl.txt
Requirements for Morality Sections in Routing Area Drafts - IETF,https://www.ietf.org/rfc/rfc4041.txt
text,http://www.gkc.org.uk/gkc/books/a-hymn.txt
1.,https://loadorderlibrary.com/lists/skyrim-se-mod-list-8162023/embed/plugins.txt
net.mysticism,https://www.thedragonscave.org/archives/tdc/general/mysticism.txt
pwot_dnd2_2011-05-10.txt - Ira Fich,http://irafich.com/rpg/logs/rawlogs/pwot_dnd2_2011-05-10.txt
Underrepresented README file. - WeiDU,https://weidu.org/underrep/README-Underrep.txt
